day,exercise,form_a_path,form_b_path
"monday","Band-resisted push-up","assets/images/exercises/monday/01-band-resisted-push-up-a.png","assets/images/exercises/monday/01-band-resisted-push-up-b.png"
"monday","Feet-elevated push-up","assets/images/exercises/monday/02-feet-elevated-push-up-a.png","assets/images/exercises/monday/02-feet-elevated-push-up-b.png"
"monday","Deep push-up","assets/images/exercises/monday/03-deep-push-up-a.png","assets/images/exercises/monday/03-deep-push-up-b.png"
"monday","Pike push-up","assets/images/exercises/monday/04-pike-push-up-a.png","assets/images/exercises/monday/04-pike-push-up-b.png"
"monday","Band lateral raise","assets/images/exercises/monday/05-band-lateral-raise-a.png","assets/images/exercises/monday/05-band-lateral-raise-b.png"
"monday","Band triceps extension","assets/images/exercises/monday/06-band-triceps-extension-a.png","assets/images/exercises/monday/06-band-triceps-extension-b.png"
"tuesday","Strict pull-up","assets/images/exercises/tuesday/01-strict-pull-up-a.png","assets/images/exercises/tuesday/01-strict-pull-up-b.png"
"tuesday","Band + lathi row","assets/images/exercises/tuesday/02-band-lathi-row-a.png","assets/images/exercises/tuesday/02-band-lathi-row-b.png"
"tuesday","One-arm band row","assets/images/exercises/tuesday/03-one-arm-band-row-a.png","assets/images/exercises/tuesday/03-one-arm-band-row-b.png"
"tuesday","Straight-arm pulldown","assets/images/exercises/tuesday/04-straight-arm-pulldown-a.png","assets/images/exercises/tuesday/04-straight-arm-pulldown-b.png"
"tuesday","Rear-delt fly","assets/images/exercises/tuesday/05-rear-delt-fly-a.png","assets/images/exercises/tuesday/05-rear-delt-fly-b.png"
"tuesday","Band biceps curl","assets/images/exercises/tuesday/06-band-biceps-curl-a.png","assets/images/exercises/tuesday/06-band-biceps-curl-b.png"
"tuesday","Hammer band curl","assets/images/exercises/tuesday/07-hammer-band-curl-a.png","assets/images/exercises/tuesday/07-hammer-band-curl-b.png"
"thursday","Band + lathi squat","assets/images/exercises/thursday/01-band-lathi-squat-a.png","assets/images/exercises/thursday/01-band-lathi-squat-b.png"
"thursday","Bulgarian split squat","assets/images/exercises/thursday/02-bulgarian-split-squat-a.png","assets/images/exercises/thursday/02-bulgarian-split-squat-b.png"
"thursday","Band Romanian deadlift","assets/images/exercises/thursday/03-band-romanian-deadlift-a.png","assets/images/exercises/thursday/03-band-romanian-deadlift-b.png"
"thursday","Hip thrust","assets/images/exercises/thursday/04-hip-thrust-a.png","assets/images/exercises/thursday/04-hip-thrust-b.png"
"thursday","Single-leg calf raise","assets/images/exercises/thursday/05-single-leg-calf-raise-a.png","assets/images/exercises/thursday/05-single-leg-calf-raise-b.png"
"thursday","Hanging knee raise","assets/images/exercises/thursday/06-hanging-knee-raise-a.png","assets/images/exercises/thursday/06-hanging-knee-raise-b.png"
"thursday","Reverse crunch","assets/images/exercises/thursday/07-reverse-crunch-a.png","assets/images/exercises/thursday/07-reverse-crunch-b.png"
"saturday","Strict pull-up","assets/images/exercises/saturday/01-strict-pull-up-a.png","assets/images/exercises/saturday/01-strict-pull-up-b.png"
"saturday","Band-resisted push-up","assets/images/exercises/saturday/02-band-resisted-push-up-a.png","assets/images/exercises/saturday/02-band-resisted-push-up-b.png"
"saturday","Band row","assets/images/exercises/saturday/03-band-row-a.png","assets/images/exercises/saturday/03-band-row-b.png"
"saturday","Band chest fly","assets/images/exercises/saturday/04-band-chest-fly-a.png","assets/images/exercises/saturday/04-band-chest-fly-b.png"
"saturday","Band lateral raise","assets/images/exercises/saturday/05-band-lateral-raise-a.png","assets/images/exercises/saturday/05-band-lateral-raise-b.png"
"saturday","Rear-delt fly","assets/images/exercises/saturday/06-rear-delt-fly-a.png","assets/images/exercises/saturday/06-rear-delt-fly-b.png"
"saturday","Band biceps curl","assets/images/exercises/saturday/07-band-biceps-curl-a.png","assets/images/exercises/saturday/07-band-biceps-curl-b.png"
"saturday","Band triceps extension","assets/images/exercises/saturday/08-band-triceps-extension-a.png","assets/images/exercises/saturday/08-band-triceps-extension-b.png"
